epoch,time,train/giou_loss,train/cls_loss,train/l1_loss,metrics/precision(B),metrics/recall(B),metrics/mAP50(B),metrics/mAP50-95(B),val/giou_loss,val/cls_loss,val/l1_loss,lr/pg0,lr/pg1,lr/pg2
1,1910.64,1.1965,0.51131,0.19751,0.21692,0.15594,0.08568,0.03373,1.02058,0.65951,0.19305,0.0800223,1.99977e-05,1.99977e-05
2,3772.03,0.94989,0.57893,0.13382,0.32356,0.37619,0.2274,0.13007,0.62512,0.66499,0.08467,0.0600423,3.99934e-05,3.99934e-05
3,5621.06,0.87025,0.56193,0.12202,0.53151,0.36386,0.37968,0.20684,0.64134,0.56779,0.08601,0.0400623,5.99717e-05,5.99717e-05
4,7464.48,0.75685,0.53016,0.10088,0.52442,0.44739,0.4366,0.24332,0.62227,0.52882,0.08132,0.0200822,7.99196e-05,7.99196e-05
5,9302.06,0.68702,0.52261,0.09138,0.57033,0.46593,0.47192,0.26428,0.60315,0.51816,0.07936,0.00010211,9.98241e-05,9.98241e-05
6,11138.7,0.63582,0.512,0.08338,0.59358,0.47637,0.49792,0.2801,0.59475,0.50819,0.07762,9.97288e-05,9.97288e-05,9.97288e-05
7,12975.1,0.62191,0.50036,0.08026,0.60302,0.48173,0.50991,0.28778,0.59046,0.49839,0.07718,9.96097e-05,9.96097e-05,9.96097e-05
8,14811.7,0.61344,0.4933,0.07884,0.60052,0.49799,0.52135,0.29364,0.58767,0.49459,0.07677,9.9469e-05,9.9469e-05,9.9469e-05
9,16647.8,0.60886,0.48729,0.07803,0.60523,0.50096,0.5266,0.29587,0.58588,0.49221,0.0761,9.93068e-05,9.93068e-05,9.93068e-05
10,18484.3,0.60517,0.48157,0.07676,0.61145,0.50429,0.53003,0.29745,0.58457,0.48995,0.07601,9.91232e-05,9.91232e-05,9.91232e-05
11,20320.1,0.60201,0.48001,0.07638,0.61855,0.50509,0.53468,0.30086,0.58272,0.48866,0.07578,9.89183e-05,9.89183e-05,9.89183e-05
12,22156.8,0.598,0.47779,0.07541,0.62174,0.50732,0.53813,0.30297,0.58148,0.48742,0.07578,9.86922e-05,9.86922e-05,9.86922e-05
13,23993.1,0.59611,0.47532,0.0749,0.62073,0.51042,0.54108,0.30501,0.58043,0.48683,0.07563,9.84449e-05,9.84449e-05,9.84449e-05
14,25829.8,0.59508,0.47486,0.07473,0.62075,0.51667,0.54413,0.30748,0.57972,0.4855,0.07557,9.81765e-05,9.81765e-05,9.81765e-05
15,27666.1,0.59254,0.47268,0.07451,0.63155,0.51625,0.54654,0.30934,0.57901,0.48375,0.07537,9.78873e-05,9.78873e-05,9.78873e-05
16,29502.3,0.59143,0.47292,0.07418,0.6254,0.52225,0.54923,0.3111,0.57824,0.48205,0.07531,9.75773e-05,9.75773e-05,9.75773e-05
17,31338.8,0.58944,0.47155,0.07369,0.63174,0.52575,0.55231,0.31271,0.5773,0.4805,0.07509,9.72466e-05,9.72466e-05,9.72466e-05
18,33175.1,0.58837,0.47041,0.07319,0.63286,0.5306,0.5563,0.31513,0.57648,0.4786,0.07492,9.68955e-05,9.68955e-05,9.68955e-05
19,35010.4,0.58672,0.47021,0.07289,0.63365,0.53396,0.55943,0.31705,0.57531,0.47708,0.07476,9.65239e-05,9.65239e-05,9.65239e-05
20,36847.3,0.58543,0.46941,0.07268,0.63752,0.53289,0.56063,0.31803,0.57453,0.47605,0.07457,9.61322e-05,9.61322e-05,9.61322e-05
21,38683.9,0.58475,0.46829,0.07249,0.63674,0.53649,0.56284,0.31917,0.57416,0.47497,0.07455,9.57205e-05,9.57205e-05,9.57205e-05
22,40520,0.58296,0.46771,0.07208,0.64163,0.53801,0.56513,0.31997,0.57329,0.47444,0.07436,9.52889e-05,9.52889e-05,9.52889e-05
23,42357,0.5817,0.46743,0.07206,0.64058,0.53901,0.56558,0.3207,0.57251,0.4735,0.07417,9.48377e-05,9.48377e-05,9.48377e-05
24,44194,0.58023,0.46678,0.07172,0.64009,0.53983,0.56728,0.32191,0.572,0.47241,0.07392,9.43671e-05,9.43671e-05,9.43671e-05
25,46030,0.57925,0.46534,0.07143,0.64321,0.54413,0.5696,0.32332,0.57154,0.47153,0.07378,9.38772e-05,9.38772e-05,9.38772e-05
26,47866.2,0.57963,0.46512,0.07161,0.64518,0.54271,0.57008,0.32399,0.57108,0.47036,0.0735,9.33683e-05,9.33683e-05,9.33683e-05
27,49703.1,0.57748,0.46466,0.07109,0.74828,0.54094,0.57123,0.32517,0.57025,0.47,0.07327,9.28405e-05,9.28405e-05,9.28405e-05
28,51539.1,0.5767,0.46388,0.07114,0.74686,0.54582,0.57338,0.32617,0.56989,0.46944,0.07313,9.22942e-05,9.22942e-05,9.22942e-05
29,53375.8,0.57635,0.4631,0.07075,0.74623,0.54653,0.57418,0.32675,0.56928,0.46935,0.07297,9.17296e-05,9.17296e-05,9.17296e-05
30,55212.2,0.5751,0.46269,0.0707,0.74891,0.54716,0.57503,0.3274,0.5688,0.46897,0.07284,9.11469e-05,9.11469e-05,9.11469e-05
31,57048.2,0.57516,0.46238,0.07047,0.74623,0.54929,0.57564,0.32832,0.56819,0.46855,0.07262,9.05463e-05,9.05463e-05,9.05463e-05
32,58883.9,0.57315,0.46178,0.07025,0.74561,0.55103,0.57729,0.32917,0.56755,0.46795,0.07251,8.99282e-05,8.99282e-05,8.99282e-05
33,60720.1,0.57215,0.46119,0.06989,0.74745,0.55083,0.57757,0.32929,0.56703,0.46754,0.07239,8.92928e-05,8.92928e-05,8.92928e-05
34,62556.2,0.57225,0.46047,0.0697,0.7482,0.55051,0.57849,0.32941,0.56661,0.46713,0.07232,8.86404e-05,8.86404e-05,8.86404e-05
35,64392.8,0.57113,0.46033,0.06978,0.74738,0.55054,0.57907,0.33012,0.56609,0.46678,0.07224,8.79713e-05,8.79713e-05,8.79713e-05
36,66229.2,0.5703,0.45952,0.06963,0.75037,0.55023,0.57924,0.3306,0.56567,0.46668,0.07221,8.72857e-05,8.72857e-05,8.72857e-05
37,68066,0.57042,0.45868,0.06943,0.74715,0.55421,0.58061,0.3311,0.56515,0.46677,0.07213,8.65839e-05,8.65839e-05,8.65839e-05
38,69901.9,0.56978,0.45861,0.06965,0.74539,0.55544,0.58082,0.33115,0.56514,0.46649,0.07215,8.58664e-05,8.58664e-05,8.58664e-05
39,71737.6,0.56897,0.4578,0.06937,0.74718,0.5557,0.58098,0.33118,0.5645,0.46687,0.07192,8.51333e-05,8.51333e-05,8.51333e-05
40,73574.2,0.56701,0.45793,0.06879,0.75096,0.55582,0.58234,0.33106,0.56448,0.46711,0.07179,8.43851e-05,8.43851e-05,8.43851e-05
41,75410.2,0.56814,0.45742,0.06907,0.74766,0.55731,0.5827,0.33124,0.56442,0.46733,0.07175,8.3622e-05,8.3622e-05,8.3622e-05
42,77246.3,0.56714,0.45704,0.06866,0.74863,0.55879,0.58371,0.33184,0.56394,0.46738,0.07164,8.28443e-05,8.28443e-05,8.28443e-05
43,79083.2,0.56618,0.45574,0.06865,0.74931,0.55604,0.58327,0.33135,0.56382,0.4676,0.07153,8.20525e-05,8.20525e-05,8.20525e-05
44,80919.6,0.56517,0.45558,0.06835,0.74773,0.55679,0.58212,0.33104,0.56372,0.46788,0.07144,8.12468e-05,8.12468e-05,8.12468e-05
45,82755.2,0.56456,0.45532,0.06828,0.74773,0.55627,0.5819,0.3309,0.56344,0.46775,0.07144,8.04277e-05,8.04277e-05,8.04277e-05
46,84590.3,0.56458,0.45428,0.06826,0.74909,0.55816,0.58265,0.33142,0.56317,0.46772,0.0714,7.95954e-05,7.95954e-05,7.95954e-05
47,86426.4,0.56451,0.45422,0.06828,0.74973,0.55826,0.58275,0.33163,0.56299,0.46753,0.0713,7.87503e-05,7.87503e-05,7.87503e-05
48,88262.6,0.56352,0.4536,0.06807,0.75231,0.55801,0.5831,0.33229,0.56255,0.46713,0.07119,7.78929e-05,7.78929e-05,7.78929e-05
49,90099.8,0.56275,0.45306,0.06791,0.74966,0.55878,0.58444,0.33273,0.56239,0.46694,0.07119,7.70234e-05,7.70234e-05,7.70234e-05
50,91935.5,0.5624,0.45319,0.06793,0.75135,0.55708,0.58936,0.33387,0.56231,0.46685,0.0713,7.61423e-05,7.61423e-05,7.61423e-05
51,93771.5,0.56177,0.45273,0.0678,0.74827,0.56027,0.58611,0.3328,0.56218,0.46672,0.07132,7.525e-05,7.525e-05,7.525e-05
52,95607.3,0.56217,0.45238,0.06757,0.7516,0.55625,0.5855,0.33307,0.56202,0.46675,0.07133,7.43468e-05,7.43468e-05,7.43468e-05
53,97443.1,0.56062,0.45198,0.06762,0.74884,0.55837,0.58891,0.33516,0.56192,0.46668,0.07131,7.34332e-05,7.34332e-05,7.34332e-05
54,99278.6,0.56016,0.45171,0.06739,0.75242,0.55653,0.58868,0.33466,0.56206,0.46677,0.07131,7.25094e-05,7.25094e-05,7.25094e-05
55,101115,0.55981,0.45039,0.06733,0.75213,0.55853,0.58573,0.33302,0.5616,0.46713,0.07122,7.15761e-05,7.15761e-05,7.15761e-05
56,102951,0.55899,0.45021,0.06721,0.72082,0.57644,0.58576,0.33312,0.5616,0.46727,0.07129,7.06335e-05,7.06335e-05,7.06335e-05
57,104786,0.55843,0.44958,0.06706,0.69115,0.58249,0.58976,0.33538,0.56167,0.46746,0.07137,6.9682e-05,6.9682e-05,6.9682e-05
58,106623,0.55797,0.44951,0.06688,0.70287,0.57651,0.59062,0.33564,0.56163,0.46784,0.07142,6.87222e-05,6.87222e-05,6.87222e-05
59,108458,0.55798,0.44933,0.06705,0.67313,0.58388,0.58955,0.33475,0.56179,0.4681,0.07143,6.77543e-05,6.77543e-05,6.77543e-05
60,110294,0.55725,0.44914,0.06669,0.71325,0.56679,0.5895,0.33489,0.56207,0.4682,0.07142,6.67789e-05,6.67789e-05,6.67789e-05
61,112130,0.55646,0.44862,0.06668,0.70585,0.5677,0.58917,0.33575,0.56226,0.46827,0.07135,6.57963e-05,6.57963e-05,6.57963e-05
62,113966,0.55649,0.44735,0.06659,0.69802,0.56731,0.58874,0.33496,0.56245,0.46835,0.07142,6.48071e-05,6.48071e-05,6.48071e-05
63,115803,0.55544,0.4471,0.06633,0.67887,0.56494,0.58906,0.33513,0.56222,0.46861,0.07145,6.38115e-05,6.38115e-05,6.38115e-05
64,117640,0.55451,0.44709,0.06618,0.67666,0.56795,0.5848,0.33183,0.56222,0.46854,0.07148,6.28101e-05,6.28101e-05,6.28101e-05
65,119476,0.55408,0.44675,0.06633,0.67067,0.56612,0.58486,0.33144,0.56236,0.46892,0.07149,6.18034e-05,6.18034e-05,6.18034e-05
66,121311,0.55349,0.44605,0.06614,0.66686,0.57239,0.5827,0.33003,0.56247,0.46905,0.07161,6.07916e-05,6.07916e-05,6.07916e-05
67,123147,0.55316,0.44569,0.06607,0.65632,0.57556,0.58127,0.32944,0.56256,0.46915,0.07171,5.97754e-05,5.97754e-05,5.97754e-05
68,124983,0.55351,0.44531,0.06598,0.6707,0.565,0.58227,0.33002,0.56244,0.46923,0.07182,5.87551e-05,5.87551e-05,5.87551e-05
69,126819,0.55196,0.44506,0.06574,0.66498,0.56755,0.57998,0.32923,0.56228,0.46933,0.07184,5.77311e-05,5.77311e-05,5.77311e-05
70,128656,0.55174,0.44483,0.06576,0.66445,0.56755,0.57976,0.32906,0.5625,0.46951,0.07193,5.6704e-05,5.6704e-05,5.6704e-05
71,130492,0.55142,0.44425,0.06543,0.66402,0.56696,0.58022,0.32916,0.56248,0.46985,0.07195,5.56742e-05,5.56742e-05,5.56742e-05
72,132328,0.55087,0.4435,0.06565,0.66052,0.56801,0.57837,0.32845,0.56258,0.46999,0.07194,5.46421e-05,5.46421e-05,5.46421e-05
73,134163,0.5497,0.44318,0.06543,0.6636,0.56589,0.57902,0.32862,0.56269,0.47011,0.07189,5.36081e-05,5.36081e-05,5.36081e-05
74,136001,0.5488,0.44268,0.06517,0.65691,0.57089,0.57948,0.32913,0.56275,0.47034,0.07199,5.25728e-05,5.25728e-05,5.25728e-05
75,137837,0.54925,0.44295,0.0652,0.66014,0.56724,0.57872,0.32865,0.56299,0.47065,0.07198,5.15366e-05,5.15366e-05,5.15366e-05
76,139673,0.54882,0.4421,0.06504,0.66381,0.56355,0.57872,0.32868,0.56311,0.47113,0.07197,5.05e-05,5.05e-05,5.05e-05
77,141509,0.54835,0.4414,0.065,0.6587,0.56546,0.5797,0.32941,0.56366,0.47093,0.07207,4.94634e-05,4.94634e-05,4.94634e-05
78,143345,0.54636,0.44137,0.06477,0.66362,0.56388,0.57692,0.32819,0.56378,0.47118,0.07208,4.84272e-05,4.84272e-05,4.84272e-05
79,145183,0.54687,0.44078,0.06474,0.66576,0.56617,0.57963,0.32951,0.56411,0.47148,0.07223,4.73919e-05,4.73919e-05,4.73919e-05
80,147019,0.54592,0.4408,0.06458,0.66533,0.56387,0.57901,0.32921,0.56431,0.47166,0.07232,4.63579e-05,4.63579e-05,4.63579e-05
81,148855,0.5459,0.44033,0.06473,0.66641,0.56242,0.58251,0.33233,0.56452,0.47197,0.07237,4.53258e-05,4.53258e-05,4.53258e-05
82,150691,0.54523,0.44022,0.06449,0.66144,0.56503,0.57908,0.32957,0.56477,0.47186,0.07248,4.4296e-05,4.4296e-05,4.4296e-05
83,152527,0.54422,0.43971,0.06428,0.66694,0.55952,0.57876,0.32937,0.56482,0.47196,0.07241,4.32689e-05,4.32689e-05,4.32689e-05
84,154362,0.54405,0.43934,0.06442,0.66523,0.55862,0.57815,0.32921,0.56516,0.47184,0.07256,4.22449e-05,4.22449e-05,4.22449e-05
85,156199,0.54351,0.43872,0.06422,0.66506,0.5588,0.57745,0.3286,0.56596,0.47197,0.07262,4.12246e-05,4.12246e-05,4.12246e-05
86,158035,0.54226,0.43809,0.06408,0.66582,0.55853,0.57566,0.32725,0.56614,0.47242,0.07255,4.02084e-05,4.02084e-05,4.02084e-05
